domain,signals
0123tt.ru,api|app|docs|developer|developers|status|auth|dashboard|platform|console
0xrpc.io,api|app|docs|developer|developers|status|auth|dashboard|platform|console
10xscience.com,api|status
163.com,developer
1c.ru,developer|auth
1mg.com,api
1password.com,api|app|docs|developer|developers|status|auth|dashboard|platform|console
20minutes.fr,api|developers|status
2gis.com,docs
33across.com,platform
360.cn,api|app|developer
360yield.com,api|console
3bmeteo.com,api
a-mo.net,api|app|docs|developer|developers|status|auth|dashboard|platform|console
aadrm.com,api
abacus.ai,api|dashboard
abc.es,auth
abc.net.au,api
ably.com,docs|status
abola.pt,auth
abovedomains.com,api|app|docs|developer|developers|status|auth|dashboard|platform|console
abril.com.br,auth
academia.edu,api|docs|developer|developers|status|auth|dashboard|platform|console
accuweather.com,api|app|developer|status
acesso.gov.br,api
acm.org,api|auth
acs.org,api
actu.fr,api|auth
adaether.com,api
adjust.com,api|app|developer|developers|status|auth|dashboard|platform|console
admanmedia.com,api|docs|dashboard|console
adnxs.com,api|app|docs|developer|developers|status|auth|dashboard|platform|console
adobe.com,api|docs|developer|developers|status|platform
adobe.io,api|docs|developers|status|platform|console
adriver.ru,api
adrta.com,api
adsafeprotected.com,api|auth
adswizz.com,api|docs|status
afribaba.com,api
afternic.com,api
agenticfabriq.com,auth|dashboard
agoda.com,api|app|docs|developer|developers|status|auth|dashboard|platform|console
agora.io,api|docs|developer|status|dashboard|console
ahrefs.com,api|app|docs|developer|developers|status|auth|dashboard|platform|console
airbnb.com,api|developer|platform
airbyte.com,api|app|docs|developer|developers|status|auth|dashboard|platform|console
airtable.com,api|app|status
akamai.com,api|docs|developer|developers|status
akamaized.net,docs|dashboard
akismet.com,api|app|docs|developer|developers|status|auth|dashboard|platform|console
algolia.com,docs|status|dashboard
alibaba.com,api|app|docs|developer|auth
alidns.com,api|app|docs|developer|developers|status|auth|dashboard|platform|console
aliexpress.com,api|app|docs|developer|developers|status|auth|dashboard|platform|console
alipay.com,api|app|docs|developer|developers|status|auth|dashboard|console
alipaydns.com,auth
aliyun.com,api|app|docs|developer|status|console
aliyuncs.com,status
aljazeera.com,api
allaboutcookies.org,api
allegro.pl,api|developer|status
allus.ai,api
alphonso.tv,api|docs
amagi.tv,api|docs|console
amap.com,api|app|docs|developer|auth|platform|console
amazon.ca,api
amazon.co.jp,api
amazon.co.uk,api
amazon.com,api|docs|developer|developers
amazon.com.au,api
amazon.com.br,api
amazon.com.mx,api
amazon.de,api
amazon.dev,dashboard
amazon.es,api
amazon.fr,api
amazon.in,api
amazon.it,api
amazonalexa.com,api
amazonvideo.com,api
amd.com,docs|developer
ameba.jp,platform
ameblo.jp,api|app|docs|developer|developers|status|auth|dashboard|platform|console
amemv.com,api
amplitude.com,api|app|docs|developers|status|auth
ampproject.org,api|app|docs|developer|developers|status|auth|dashboard|platform|console
ancestry.com,api|status|auth
android.com,developer|developers
aniview.com,api|dashboard
aniwatchtv.to,api
anthropic.com,api|docs|status|platform|console
anydesk.com,api|status
anyscale.com,api|docs|status|auth|console
aol.com,developer|developers
ap4r.com,api|app|docs|developer|developers|status|auth|dashboard|platform|console
apache.org,status|auth
aparat.com,api|app|docs|developer|developers|status|auth|dashboard|platform|console
apigee.net,api
apollo.io,api|app|docs|developer|status
appcenter.ms,api|status
appcues.com,api|docs|status|auth
apple-cloudkit.com,api
apple.com,app|developer|developers
applovin.com,api|docs|developer|developers
appsflyer.com,api|app|docs|status
appsflyersdk.com,api|app|docs|developer|developers|status|auth|dashboard|platform|console
appsmith.com,api|app|docs|developer|developers|status|auth|dashboard|platform|console
appspot.com,api|app|docs|developer|developers|status|auth|dashboard|platform|console
arcgis.com,developer|developers|status
archive.org,developers|status
archiveofourown.org,status
arcten.com,api|docs
argalabs.com,api|app|dashboard
argos.co.uk,api|developers
arstechnica.com,api|app|docs|developer|developers|status|auth|dashboard|platform|console
arubanetworks.com,developer|status|auth
arxiv.org,docs|status
arzana.ai,app|platform
arzule.com,app|docs
as.com,api|auth
asana.com,api|app|docs|developer|developers|status|auth|dashboard|platform|console
asd.homes,api|app|docs|developer|developers|status|auth|dashboard|platform|console
ashbyhq.com,api|app|docs|developers|status
ashr.io,api
asidehq.com,api|app|docs|developer|developers|status|auth|dashboard|platform|console
asu.edu,docs
aternos.org,status
atlassian.com,api|docs|developer|developers|status|auth
atlassian.net,api|app|docs|developer|developers|status|auth|dashboard|platform|console
att.com,api|docs|developer|auth
att.net,auth
attn.tv,api|app|docs|developer|developers|status|auth|dashboard|platform|console
auth0.com,docs|developer|developers|status|auth|dashboard|platform|console
autodesk.com,docs|developer|auth
autotrader.co.uk,api|developers|status
avast.com,api|docs|platform
avito.ru,api|app|docs|developer|developers|status|auth|dashboard|platform|console
axiom.co,api|app|docs|status
az24.vn,api
aznude.com,api|status
azure-api.net,api|developer|developers|auth|dashboard|platform
azure-devices.net,app|dashboard
azure.com,app|docs|status
azureedge.net,docs|developer|status|auth|console
azurefd.net,api|app|docs|developer|developers|status|auth|dashboard|platform|console
azurewebsites.net,docs|developer|status|auth|platform
b-cdn.net,api|app|docs|developer|developers|status|auth|dashboard|platform|console
badoo.com,api|app|docs|developer|developers|status|auth|dashboard|platform|console
baidu.com,api|app|developer|developers|auth|platform
bamboohr.com,api|app|docs|developer|developers|status|auth|dashboard|platform|console
bamgrid.com,developer
banana.dev,api|app|docs|status
bandcamp.com,api|app|docs|developer|developers|auth|dashboard|platform|console
bandwidth.com,api|app|status|dashboard
bankofamerica.com,api|developer
barnesandnoble.com,api
basecamp.com,status
bazos.sk,api|app|docs|developer|developers|status|auth|dashboard|platform|console
bbc.co.uk,api|developer
bbc.com,developer
beehiiv.com,api|app|docs|developer|developers|status|auth|dashboard|platform|console
behance.net,api
benchling.com,docs|status
bentoml.com,api|docs|status
berkeley.edu,docs|auth|console
bestbuy.com,api|app|developer|developers
betika.com,api|app
betweendigital.com,api
bfmtv.com,api
biblegateway.com,api
bidmachine.io,api|docs|developers|dashboard
bigcommerce.com,api|developer|status
bild.de,app
bilibili.com,api|app|docs
bilibili.tv,api|app
binance.com,api|app|docs|developer|developers|status|auth|dashboard|platform|console
bing.com,api|app|docs|developer|developers|status|auth|dashboard|platform|console
biomedcentral.com,api|app|docs|developer|developers|status|auth|dashboard|platform|console
bit.ly,api|status
bitbucket.org,api|app|docs|developer|developers|status|auth|dashboard|platform|console
bitrix24.ru,api|app|docs|developer|developers|status|auth|dashboard|platform|console
bitwarden.com,api|docs|status
bkn.go.id,api|docs|auth|dashboard
blic.rs,api
blizzard.com,api|app
blogger.com,api|status
blogspot.com,api|app|docs|developer|developers|status|auth|dashboard|platform|console
blooket.com,api|status|dashboard
bloomberg.com,api|developer|console
blueapron.com,api
bluehost.com,app|status|dashboard
blxrbdn.com,api
bmj.com,developer|status|auth
boardgamearena.com,api|app|docs|developer|developers|status|auth|dashboard|platform|console
bol.com,api|developers
booking.com,api|developer|developers|auth
bookmyshow.com,docs
bookoapp.com,api|app|docs|developer|developers|status|auth|dashboard|platform|console
box.com,api|app|docs|developer|developers|status|auth|dashboard|platform|console
boyfriendtv.com,api|app|docs|developer|developers|status|auth|dashboard|platform|console
branch.io,api|app|docs|developer|developers|status|dashboard
brave.com,api|status
braze.com,api|developer|status|dashboard|platform
brevo.com,api|app|developers|status|auth|dashboard
brex.com,api|app|developer|developers|status|dashboard
bsky.app,api|docs|status
btloader.com,api
budibase.com,docs|status
buffer.com,api|developers|status|auth
bugsnag.com,api|app|docs|status
buildkite.com,api|status|auth
business.site,api|app|docs|developer|developers|status|auth|dashboard|platform|console
businessinsider.com,api|auth
businesswire.com,api|platform
buydomains.com,api
buzzfeed.com,api|auth|dashboard
byteconnect.io,api|dashboard
byteport.io,docs|auth|dashboard
cafe24.com,api|app|docs|developer|developers|status|auth|dashboard|platform|console
caixa.gov.br,api
cal.com,api|app|docs|developer|status|auth|console
calculator.net,api|app|docs|developer|developers|status|auth|dashboard|platform|console
calendly.com,api|docs|developer|developers|status|auth
caliente.mx,auth
cam4.com,api|app|docs|developer|developers|status|auth|dashboard|platform|console
cambridge.org,api|docs|auth
canada.ca,app|auth
canny.io,api|app|docs|developer|developers|status|auth|dashboard|platform|console
canva.com,api|developer|developers|status
cardekho.com,api
cardmarket.com,api|app|docs|developer|developers|status|auth|dashboard|platform|console
carsensor.net,api
carwale.com,api|docs|status|auth
casalemedia.com,api
casinoplus.com.ph,api
cbc.ca,api
cbsnews.com,api
cdc.gov,api|docs|developer|auth
cdek.ru,api|docs|developer
cdiscount.com,auth
cdn-vk.ru,docs
cdninstagram.com,platform
cdnvideo.ru,api|status|dashboard
ceneo.pl,api|app|developers
cerebras.ai,api|docs|status
chameleon.io,api|app|docs|developers|status|dashboard
championat.com,api
change.org,api|app|docs|developer|developers|status|auth|dashboard|platform|console
character.ai,docs|status|auth
chasi.co,app
chatgpt.com,api|status
chaturbate.com,api|app|docs|developer|developers|status|auth|dashboard|platform|console
checkpoint.com,developer|status|auth
chess.com,api
chroma.com,api
circleci.com,api|app|docs|developer|status|auth
cisco.com,api|app|docs|developer|status|platform
cityheaven.net,api
clarifai.com,api|docs|developer|status
clarity.ms,api
classlink.com,docs|developer|developers|status|auth
clay.com,api|app|docs|status
clearbit.com,app|docs|status|dashboard
clerk.com,api|docs|status|dashboard
clevelandclinic.org,dashboard
clever.com,api|status
clickpetroleoegas.com.br,docs
clickup.com,api|app|docs|developer|developers|status|auth|dashboard|platform|console
cloud.com,api|docs|developer|status
cloud.microsoft,status
cloudflare.com,api|docs|developer|developers|auth
cloudinary.com,api|app|docs|developer|developers|status|auth|dashboard|platform|console
cloudns.net,api|app|docs|developer|developers|status|auth|dashboard|platform|console
cmediahub.ru,api|app|docs|developer|developers|status|auth|dashboard|platform|console
cmoa.jp,api
cnbc.com,api|app|developer
cnet.com,platform
cnn.com,api|developer
cnnbrasil.com.br,api|docs
cockroachlabs.com,docs
codeium.com,api|docs|status|auth
codesandbox.io,api|app|docs|developer|developers|status|auth|dashboard|platform|console
cofia.ai,auth
cohere.com,api|docs|status|dashboard
coinmarketcap.com,api|status
com.se,api|app|docs|platform
comcast.com,api|developer|developers
comcast.net,developer|developers|status|auth|console
company-target.com,api
composio.dev,app|docs|status|auth|dashboard|platform
confluent.io,docs|developer
consultant.ru,api
contentful.com,api|app|docs|developers|status|auth
convertkit.com,api|app|docs|developer|developers|status|auth|dashboard|platform|console
convex.dev,api|docs|status|auth|dashboard|console
conviva.com,api|docs|developer|status|auth
cookpad.com,api|status
coolmathgames.com,api|developer|developers
cootlogix.com,dashboard
copy.ai,api|app|docs|status
corvera.ai,app
costco.com,api|developer|auth
coupang.com,developers|auth
courier.com,api|app|docs|status
coursera.org,api|status
cpanel.net,docs|status|auth
cqloud.com,api|auth
crazygames.com,api|docs|developer|developers|auth
creativecommons.org,api|status
cricbuzz.com,api|auth
criteo.com,api|developers|status
crosslayerlabs.com,platform
crowdstrike.com,api|docs|developer
crpt.ru,docs
cspserver.net,api
cursor.com,api|docs|status
cursor.sh,docs|auth
customer.io,api|app|docs|status|auth
czbooks.net,api|auth
dagbladet.no,api
daily.co,api|app|docs|developer|developers|status|auth|dashboard|platform|console
dailymail.co.uk,api
dailymotion.com,api|developer|developers|status
dantri.com.vn,api|app|docs|console
databricks.com,api|app|docs|developer|developers|status|auth|dashboard|platform|console
datadog.com,docs
datadoghq.com,api|app|docs|developer|developers|status|auth|dashboard|platform|console
datadome.co,api|app|docs|status|auth
datarobot.com,app|docs|developers|status
datto.com,api|status|auth
daum.net,status
dbankcloud.cn,app
dcinside.com,api|app
ddns.net,api|app|docs|developers|status|auth|dashboard|console
ddnss.de,api|docs|status
deel.com,api|app|developer|status
deepl.com,api|app|developers|auth
deepnote.com,api|app|docs|developer|developers|status|auth|dashboard|platform|console
deepseek.com,api|status|platform
deezer.com,api|developers|auth|platform
dell.com,api|docs|developer|console
deloitte.com,api|docs|developer
demdex.net,api|docs|console
descript.com,api|app|developer|status|auth
deviantart.com,api|app|docs|developer|developers|status|auth|dashboard|platform|console
dfn.nl,api
dhl.com,api|docs|developer
didit.me,api|docs|status
digi24.ro,api
digicert.com,api|app|docs|status
digikala.com,api|auth
digitalocean.com,api|docs|developers|status|console
discogs.com,api|status|platform
discord.com,app|docs|status
discordapp.com,docs|status
disqus.com,api|app|docs|developer|developers|status|auth|dashboard|platform|console
divar.ir,api
dlsite.com,auth
dmm.co.jp,platform
dns-shop.ru,api
dnsmadeeasy.com,api|auth
dnspod.net,status
docker.com,api|app|docs|status|auth
docker.io,docs|status|auth
docusign.com,api|app|developer|developers|status
doi.org,dashboard
doubleverify.com,api|app|developer|status|dashboard
dreamhost.com,api|developer|status
dribbble.com,api|app|docs|developer|developers|status|auth|dashboard|platform|console
drift.com,api|app|docs|developer|developers|status|auth|dashboard|platform|console
drom.ru,api|app|docs|developer|developers|status|auth|dashboard|platform|console
dropbox.com,api|developer|developers|status
dropcatch.com,api|app|docs|developer|developers|status|auth|dashboard|platform|console
dub.co,api|app|docs|developer|developers|status|auth|dashboard|platform|console
duckdns.org,api|app|docs|developer|developers|status|auth|dashboard|platform|console
duckduckgo.com,api
duolingo.com,api|app|docs|developer|developers|status|auth|dashboard|platform|console
dw.com,api
dynatrace.com,api|docs|developer|status
dyndns.org,api|app|docs|developer|auth|dashboard
e-hentai.org,api
e2b.dev,api|app|docs|developer|developers|status|auth|dashboard|platform|console
ea.com,api|docs|auth
easy4ipcloud.com,app
ebay.co.uk,docs|auth
ebay.com,api|app|docs|developer|auth
ebay.de,docs|auth
ebay.it,docs|auth
economist.com,api|developer|platform
ecosia.org,api|dashboard
edgecdn.ru,api|app|docs|developer|developers|status|auth|dashboard|platform|console
edgekey.net,developer|developers|status
edgesuite.net,api|app|docs|dashboard
edna.ru,api|app|docs
eenadu.net,api|app
elastic.co,docs|status|auth
elasticbeanstalk.com,docs
elcorteingles.es,api
elegantthemes.com,status|auth
eleven-labs.com,api
elmundo.es,app
elpais.com,api|app|auth
elsevier.com,api|auth
eltiempo.es,api|auth
emag.ro,api|app|docs|developer|developers|status|auth|dashboard|platform|console
emaktab.uz,api|app|docs|developer|developers|status|auth|dashboard|platform|console
endclose.com,api|app|status|auth
epa.gov,api|app|developer
epicgames.com,app|docs|status
epicgames.dev,api
eporner.com,api|app|docs|developer|developers|status|auth|dashboard|platform|console
escortbabylon.net,api|app|docs|developer|developers|status|auth|dashboard|platform|console
eset.com,api|status
espn.com,api|developer|developers|platform
espncricinfo.com,api
etsy.com,api|app|docs|developer|developers|status|auth|dashboard|platform|console
eu.com,api|app|docs|developer|auth|dashboard|platform|console
eventbrite.com,api|app|docs|developer|developers|status|dashboard|platform|console
everesttech.net,api|app|docs|developer|developers|status|auth|dashboard|platform|console
ewaybillgst.gov.in,api|docs|dashboard
exclusive-spin.com,api|app|docs|developer|developers|status|auth|dashboard|platform|console
expectedparrot.com,api|docs
expressen.se,api|app|docs|developer|developers|status|auth|dashboard|platform|console
eye4.cn,api|app|console
ezvizlife.com,api|app
ezvizru.com,api|auth
f5.com,api
facebook.com,api|developer|developers|platform
facebook.net,developer|developers
fandom.com,api|app|docs|developer|developers|status|auth|dashboard|platform|console
fao.org,api|dashboard
faphouse.com,api
faphouse.tv,api|app|docs|developer|developers|status|auth|dashboard|platform|console
faphouse2.com,api|app|docs|developer|developers|status|auth|dashboard|platform|console
fast.com,api
fastcompany.com,api|status|auth
fatalmodel.com,docs|dashboard
fauna.com,api|app|docs|developer|developers|status|auth|dashboard|platform|console
fazenda.gov.br,console
fb.com,api|status
fb.me,api|app|docs|developer|developers|status|auth|dashboard|platform|console
fbcdn.net,api
fbsbx.com,api|app|docs|developer|developers|status|auth|dashboard|platform|console
fc2.com,docs|auth
fda.gov,api|developer
feast.dev,docs
fed10.ai,app
fedex.com,api|developer|auth
fedoraproject.org,docs|developer|developers|status
fetlife.com,status
fidelity.com,app|auth
figma.com,api|developers|status
filmweb.pl,api|app|docs|developer|developers|status|auth|dashboard|platform|console
filmyfiy.fyi,api|app|docs|developer|developers|status|auth|dashboard|platform|console
filmyzilla28.com,api|app|docs|developer|developers|status|auth|dashboard|platform|console
filmyzilla29.com,api|app|docs|developer|developers|status|auth|dashboard|platform|console
filmyzilla30.com,api|app|docs|developer|developers|status|auth|dashboard|platform|console
finn.no,api|dashboard
firebaseio.com,api|app|docs|developer|developers|status|auth|dashboard|platform|console
firetvcaptiveportal.com,api|app|docs|developer|developers|status|auth|dashboard|platform|console
fireworks.ai,api|app|docs|developer|status
fiverr.com,api|developers|auth
fivetran.com,api|docs|developers|status
flagsmith.com,api|app|docs|status
flexport.com,api|app|docs|developer|developers|status
flickr.com,api
flipkart.com,auth
flocksafety.com,api|app|docs|status
fly.io,api|app|status|auth
fmkorea.com,auth
focus.de,api
fontawesome.com,api|docs|status
forbes.com,auth
force.com,app|developer
forter.com,api|docs
fortune.com,dashboard
foxnews.com,api|status
free.fr,api|docs|developer|status
freepik.com,api|docs|status|auth
freshbooks.com,api|app|docs|developer|developers|status|auth|dashboard|platform|console
freshdesk.com,api|app|docs|developer|developers|status|auth|dashboard|platform|console
freshworks.com,app|docs|developer|developers|status|auth|dashboard|platform|console
frontapp.com,api|app|docs|developer|developers|status|auth|dashboard|platform|console
frontiersin.org,api|docs
ft.com,api|app|docs|developer
ftc.gov,api
fullseam.com,app
fullstory.com,api|app|developer|status|auth
furaffinity.net,api|status
futbol24.com,api|app|docs|developer|developers|status|auth|dashboard|platform|console
fwmrm.net,api|developer|status
g.page,api|app|docs|developer|developers|status|auth|dashboard|platform|console
game8.jp,platform
gamewith.jp,api|app|docs|developer|developers|status|auth|dashboard|platform|console
gandi.net,api|docs|status|console
garmin.com,api|developer
gartner.com,api|status
gcdn.co,api|app|docs|developer|developers|status|auth|dashboard|platform|console
gdemoideti.ru,api|app|docs|developer|developers|status|auth|dashboard|platform|console
gdz-raketa.ru,app
genius.com,api|app|docs|developer|developers|status|auth|dashboard|platform|console
getgrass.io,api|app
getweave.com,app|status|auth
ghost.org,docs|status|auth
giphy.com,api|developer|developers|status
gismeteo.ru,api
github.com,api|docs|developer|developers|status
github.io,api|app|docs|developer|developers|status|auth|dashboard|platform|console
githubusercontent.com,api|app|docs|developer|developers|status|auth|dashboard|platform|console
gitlab.com,docs|developer|status
gitpod.io,api|app|docs|developer|developers|status|auth|dashboard|platform|console
gizmodo.com,api|app|docs|developer|developers|status|auth|dashboard|platform|console
gladly.com,developer
globalsign.com,docs|status
globo.com,app|dashboard
gob.mx,api
godaddy.com,api|developer|developers|status|dashboard
gofundme.com,api|app|docs|developer|developers|status|auth|dashboard|platform|console
gong.io,api|app|developer|status
goo.gl,app
goodreads.com,api
google.cn,developer|developers
google.com,api|docs|developer|developers
googleapis.com,api|app|docs|developer|developers|status|auth|dashboard|platform|console
googleblog.com,api|app|docs|developer|developers|status|auth|dashboard|platform|console
googletagservices.com,console
googleusercontent.com,api|app|docs|developers|status|auth|dashboard|platform|console
gorgias.com,api|app|docs|developer|developers|status|auth|dashboard|platform|console
goskope.com,status
gotomeeting.com,api|app|docs|developer|developers|status|auth|dashboard|platform|console
gov.br,api|app
gov.uk,api
gradio.app,api|app|docs|developer|developers|status|auth|dashboard|platform|console
grafana.com,docs|developers|status|auth
grammarly.com,api|app|developer|status|auth
gravatar.com,api|docs
greenhouse.io,api|app|developer|developers|status|auth
grok.com,status|auth
groq.com,api|docs|status|console
groww.in,api|app
gst.gov.in,developer|dashboard
gumgum.com,api|app|docs
gusto.com,api|app|docs|status
h2o.ai,docs
haberler.com,api|app
happymh.com,api
hashicorp.com,docs|developer|status|auth
hasil.gov.my,api|app|docs|developer|developers|status|auth|dashboard|platform|console
hasznaltauto.hu,api
hbr.org,api|app|docs|developer|developers|status|auth|dashboard|platform|console
hcaptcha.com,api|docs|status|dashboard
healthline.com,console
height.app,api|app|docs|developer|developers|status|auth|dashboard|platform|console
hellosign.com,api|app|developers|status
helpscout.com,docs|developer|status
hepsiburada.com,docs|developers
here.com,developer|developers|status|platform
heroku.com,api|docs|status|auth|dashboard
herokuapp.com,api|app|docs|developer|developers|status|auth|dashboard|platform|console
hetzner.com,api|docs|developers|status|console
hex.tech,api|app|docs|developer|developers|status|auth|dashboard|platform|console
hianime.to,api
hichina.com,api
hightouch.com,api|app|docs
hik-connect.com,api
hilton.com,api
hln.be,app
hltv.org,api|app|docs|developer|developers|status|auth|dashboard|platform|console
hm.com,api|app
hollywoodbets.net,api|app
homedepot.com,api|docs|status
hootsuite.com,api|docs|developer|developers|status|platform
hostgator.com,app|status|dashboard
hostgator.com.br,api|app|docs|developer|developers|status|auth|dashboard|platform|console
hostinger.com,api|developers|status|auth
hotjar.com,docs|status
hotstar.com,api|status
hp.com,developer|developers
huawei.com,app|developer|developers
hubspot.com,api|app|developer|developers|status
huffingtonpost.com,status
huffpost.com,auth
huggingface.co,status
hulu.com,docs|auth
humoruniv.com,api
hurriyet.com.tr,api
iana.org,api|app
ibm.com,api|app|developer
icloud.com,developer|status
id5-sync.com,api
idealista.com,api|app|developers
idealista.it,app
ieee.org,app|developer
ietf.org,status|auth|dashboard
ilfattoquotidiano.it,app
ilmeteo.it,dashboard
ilovepdf.com,api|developer|status
imagefap.com,auth
imdb.com,app|developer
imgsrc.ru,api|app|docs|developer|developers|status|auth|dashboard|platform|console
imgur.com,api|app|docs|developer|developers|status|auth|dashboard|platform|console
in.net,auth|platform
indeed.com,docs|developer|auth|console
independent.co.uk,api|app|docs|developer|developers|status|auth|dashboard|platform|console
index.hr,auth
indiamart.com,app
indiatimes.com,api|docs
indilogic.com,api|app|docs|developer|developers|status|auth|dashboard|platform|console
infobae.com,api|app
inkuai.com,api
inmarsat.com,api|app|developer
inmobi.com,api|dashboard
inngest.com,api|app|docs|status
inps.it,api
instacart.com,api|docs|dashboard
instagram.com,api|developers|auth|platform
instapage.com,api|app|status|auth
instructure.com,api|app|docs|developer|developers|status|auth|dashboard|platform|console
intel.com,api|developer|developers
intentiq.com,api|app|status
intercom.com,app|docs|developers|status
intercom.io,api|app|docs|developers|status
intuit.com,api|app|developer|developers
inven.co.kr,api|app|console
investopedia.com,api|auth
ip-api.com,status
ipify.org,api
ipinfo.io,api
iso.org,api|status
issuu.com,api|developer|developers|auth|console
it.com,docs|developer|developers|console
iterable.com,api|app|docs|status|auth
itmedia.co.jp,status
ivi.ru,api|app|docs|developer|developers|status|auth|dashboard|platform|console
ixbt.com,auth
ixl.com,api|app|docs|developer|developers|status|auth|dashboard|platform|console
jagran.com,api|auth|dashboard
jamanetwork.com,app
jamfcloud.com,api|app|docs|developer|developers|status|dashboard|platform|console
janitorai.com,status|auth
jasper.ai,api|app|developers|status
jd.com,api|app|docs|developer|developers|status|auth|dashboard|platform|console
jetbrains.com,status|platform
jimdo.com,api|app|docs|developer|developers|status|auth|dashboard|platform|console
jio.com,api|developer|developers|auth|dashboard
jotform.com,api|app|docs|developer|developers|status|auth|dashboard|platform|console
joyclub.de,api|app|docs|developer|developers|status|auth|dashboard|platform|console
jquery.com,api|docs|status
jra.jp,app
jstor.org,docs
jusbrasil.com.br,api|app|docs|developer|developers|status|auth|dashboard|platform|console
justdial.com,api|dashboard|console
jw.org,docs
kargo.com,api|app|docs|developer|developers|status|auth|dashboard|platform|console
kaspersky-labs.com,docs
kaspersky.com,api|app|docs|developer|developers|status|auth|dashboard|platform|console
kaspi.kz,auth
keenetic.io,auth
kemendikdasmen.go.id,developer|auth
kernel.org,docs
kick.com,api|docs|developers|status|auth|dashboard
kicker.de,api
kickstarter.com,api|docs|status
kinnser.net,api
kkstories.com,api|app|docs|developer|developers|status|auth|dashboard|platform|console
klarna.com,api|app|docs|developers|status
klaviyo.com,api|docs|developers|status
kleinanzeigen.de,api|developer|auth
kohls.com,api|docs|auth
kontur.ru,api|developer|auth|platform
kooora.com,auth
kslawin.com,app|developers
kueezrtb.com,dashboard
kustomer.com,app|docs|developer|developers|status|auth|dashboard|platform|console
kwai-pro.com,api
kwai.com,api|app|developers
kwaipros.com,api
labelbox.com,api|app|docs|status
ladepeche.fr,api
ladies.de,api
lanacion.com.ar,api|app|docs|developer|developers|status|auth|dashboard|platform|console
langchain.com,docs|auth
lastpass.com,api|app|docs|developer|developers|status|auth|dashboard|platform|console
later.com,app|docs|status|auth
lattice.com,app|developers|status
launchdarkly.com,app|docs|developers|status
launchpad.net,api
lausd.net,api
leadpages.com,api|app|docs|developer|developers|status|auth|dashboard|platform|console
leboncoin.fr,api|status|auth
lefigaro.fr,status
lemlist.com,api|app|developer|status
lemonde.fr,api
lenovo.com,app|platform
lequipe.fr,api|dashboard
leroymerlin.es,auth
leroymerlin.fr,api|app|docs|developer|developers|status|auth|dashboard|platform|console
letras.mus.br,api|app|docs|developer|developers|status|auth|dashboard|platform|console
letsencrypt.org,status
letterboxd.com,api|status
lever.co,api|app|docs|developer|developers|status|auth|dashboard|platform|console
lge.com,developer
librus.pl,api|app|docs|developer|developers|status|auth|dashboard|platform|console
life360.com,api|app|docs|auth
liftoff.io,app|docs
line.me,api|developers
linear.app,api|docs|developer|developers|status
linkedin.com,api|app|developer|developers|platform
linktr.ee,api|docs|status|auth
linkvertise.com,api|status
linode.com,api|developers|status
liquipedia.net,api|app
list-manage.com,api|app|docs|developer|developers|status|auth|dashboard|platform|console
listcrawler.eu,api|app|docs|developer|developers|status|auth|dashboard|platform|console
liteapks.com,auth
litix.io,api|app|docs|developer|developers|status|auth|dashboard|platform|console
litnet.com,api
live.com,api|app|docs|developer|developers|status|auth|dashboard|platform|console
live.net,api|docs
livechatinc.com,api|app|docs|developers|status|dashboard
livedoor.com,docs|auth
livejournal.com,api|app|docs|developer|developers|status|auth|dashboard|platform|console
livekit.io,docs|status
lk21official.cc,api|app|docs|developer|developers|status|auth|dashboard|platform|console
llamarpc.com,api
logrocket.com,api|app|docs|status
looker.com,api|app|docs|developers|status|auth|dashboard|platform|console
loom.com,developers|status
loops.so,app|status
lowes.com,api|developer|developers|auth|console
macys.com,api|developer|auth
magazineluiza.com.br,developer|console
mail.ru,api|app|docs|developer|developers|status|auth|dashboard|platform|console
mailchimp.com,api|developer|status
make.com,docs|developers|status
makemytrip.com,api
mangafire.to,api|app|docs|developer|developers|status|auth|dashboard|platform|console
mango.com,api
mangosip.ru,api|app|docs|developer|developers|status|auth|dashboard|platform|console
mapbox.com,api|docs|status|console
marca.com,app
marketo.com,app|docs|developer|developers|status
marketwatch.com,api
markmonitor.com,api|auth
marktplaats.nl,api|app|auth
marriott.com,app|status|auth
mashable.com,developer
mayoclinic.org,platform
mbga.jp,api|app
mcafee.com,app|platform
mckinsey.com,developer|auth|platform
mdpi.com,api|auth
me.com,auth
mechacomic.jp,api
medallia.com,api|docs|developer|developers|status|dashboard
mediaexpert.pl,api|app
mediafire.com,api|app|docs|developer|developers|status|auth|dashboard|platform|console
mediatek.com,api|developer|auth
medium.com,api|app|docs|developer|developers|status|auth|dashboard|platform|console
meesho.com,api|app|docs|developer|developers|status|auth|dashboard|platform|console
meethue.com,api|developer|developers|auth
meetup.com,api|app|docs|developer|developers|status|auth|dashboard|platform|console
mega.nz,docs
megafon.ru,api|app|auth
meilisearch.com,api|docs|status|console
meitu.com,api|app|docs
memcached.org,docs
meraki.com,api|docs|developer|developers|status|dashboard
mercadolibre.com.ar,developers|auth
mercadolibre.com.mx,developers|auth
mercadolivre.com.br,developers|auth
mercari.com,status|auth
mercury.com,api|app|docs
merkle.io,api|docs|status
merriam-webster.com,api
meta.com,developer|developers|auth
metabase.com,status
mhverifier.ru,api|app|docs|developer|developers|status|auth|dashboard|platform|console
mi.com,app
microsoft.com,api|docs|developer|developers
microsoftonline.com,auth
midjourney.com,api|docs|status|auth
miit.gov.cn,app
mikrotik.com,api|app|docs|developer|developers|status|auth|dashboard|platform|console
miro.com,api|app|docs|developer|developers|status|auth|dashboard|platform|console
mistral.ai,api|docs|status|auth|console
mit.edu,api|developer|developers|auth
miui.com,app
miwifi.com,api|app
mixpanel.com,api|docs|developer|status
mlookalporno.com,api|app|docs|developer|developers|status|auth|dashboard|platform|console
mobile.de,api|app|docs|developer|developers|status|auth|dashboard|platform|console
modal.com,api|status
moe.video,api|app|docs|developer|developers|status|auth|dashboard|platform|console
moloco.com,api
monday.com,api|docs|developer|developers|status|auth|dashboard|platform|console
moneycontrol.com,api
mongodb.com,api|app|docs|developer|developers|status|auth|dashboard|platform|console
moodle.org,docs
motherless.com,api|app|docs|developer|developers|status|auth|dashboard|platform|console
moz.com,api|app
mozilla.com,developer|auth
mozilla.org,developer|status
msn.com,api|docs|developer|developers|status|auth|dashboard|platform|console
mts.ru,api|docs|developers|status|auth|dashboard|platform|console
mux.com,api|app|docs|status|auth|dashboard
my.com,auth
mydramalist.com,api|docs
myfritz.net,api
myhuaweicloud.com,developer
mynet.com,api
myntra.com,api|developer
myqcloud.com,docs
myshopify.com,app|docs|developer|developers|status|auth|dashboard|platform|console
myspace.com,api|app|docs|status|auth|dashboard|platform|console
mythad.com,api
n-tv.de,api|app|docs|developer|developers|status|auth|dashboard|platform|console
name.com,api|docs|status
namecheap.com,api|auth
nasa.gov,api|auth
nationalgeographic.com,api|developers
nature.com,api|docs|developers|status
naukri.com,dashboard
naver.com,api|developers
nbcnews.com,api
ndr.de,app
nelreports.net,api|app|docs|developer|developers|status|auth|dashboard|platform|console
neon.tech,status|console
neptune.ai,api|app|docs|developer|developers|auth|dashboard|platform|console
nesine.com,api|app|docs|developer|developers|status|auth|dashboard|platform|console
netangels.ru,api|docs|auth
netease.com,app
netflix.com,api|app|developer
netflix.net,console
netgear.com,api|status|auth
netkeiba.com,auth
netlify.app,api|app|docs|developer|developers|status|auth|dashboard|platform|console
netlify.com,api|app|docs|developer|developers|status|auth|dashboard|platform|console
netsuite.com,status
networkadvertising.org,api|app|docs|developer|developers|status|auth|dashboard|platform|console
newfront.com,app
newrelic.com,api|docs|developer|status
news.com.au,api|app|developer|auth|dashboard
newsweek.com,api|app|status|auth
nexusmods.com,api|status
ngenix.net,api|docs|developer|status
nginx.com,docs
nic.ru,api
nih.gov,auth
nike.com,api
nintendo.com,developer
nist.gov,auth
njuskalo.hr,developers
nnnkx2.tv,api|app|docs|developer|developers|status|auth|dashboard|platform|console
no-ip.com,api
norton.com,status
nosv.org,api|app|docs|developer|developers|status|auth|dashboard|platform|console
notamedia.ru,app|developers
notion.com,api|app|developers
notion.so,developers|status
novinky.cz,api
novu.co,api|docs|dashboard
npr.org,api|app|developer|status
nps.gov,app|developer
nsone.net,api
nu.nl,api
nvidia.com,api|app|docs|developer
nypost.com,api|developer
nytimes.com,api|app|developer|developers
nz.ua,api|app|docs|developer|developers|status|auth|dashboard|platform|console
oddspark.com,auth
odoo.com,api|app|docs|developer|developers|status|auth|dashboard|platform|console
oecd.org,api
office.com,developer|developers|status
office365.com,developer|status
ohthree.com,dashboard
ok.ru,api|auth
okcdn.ru,api
okta.com,api|app|docs|developer|developers|status|auth|dashboard|platform|console
okxxx1.com,api|app|docs|developer|developers|status|auth|dashboard|platform|console
olx.com.br,api|app|docs|developer|developers|status|auth|dashboard|platform|console
olx.pl,api|app|docs|developer|developers|status|auth|dashboard|platform|console
onedrive.com,api|app|docs|developer|developers|status|auth|dashboard|platform|console
onelink.me,api|app|docs|developer|developers|status|auth|dashboard|platform|console
onesignal.com,api|app|docs|developer|developers|status|auth|dashboard|platform|console
onet.pl,api|app|docs|developer|developers|status|auth|dashboard|platform|console
onetrust.com,app|developer|status
onlyfans.com,status
openai.com,api|developers|status|auth|platform
opendns.com,api|docs|dashboard
openstreetmap.org,api
opera.com,status|auth
optimizely.com,api|app|docs|developer|developers|status
oracle.com,docs|developer|developers
oraclecloud.com,console
oreilly.com,api|app|docs|status|console
otomoto.pl,api|app|docs|developer|developers|status|auth|dashboard|platform|console
otto.de,api
ouest-france.fr,app|auth
oup.com,api|dashboard
outbrain.com,api|docs|developer
outreach.io,api|developers|status
overwolf.com,api|developers|status|console
ovh.com,api|docs|status|auth
ovh.net,docs|status
ovhcloud.com,status
ox.ac.uk,status
oxylabs.io,api|docs|developers|dashboard
ozon.ru,api|docs
pagerduty.com,api|app|docs|developer|developers|status|auth|dashboard|platform|console
pages.dev,api|app|docs|developer|status|auth|dashboard|platform|console
pajak.go.id,api|auth
palantir.com,api|docs
palmplaystore.com,api|developer
paloaltonetworks.com,api|docs|developers|status
pandadoc.com,api|app|developers|status
pandora.com,developer
pardot.com,app|docs|developer
parivahan.gov.in,api
parklogic.com,api|app|docs|developer|developers|status|auth|dashboard|platform|console
patreon.com,api|docs|status
paypal.com,api|developer|status
paysponge.com,api
pbs.org,docs|status|console
pendo.io,api|app|developer|developers|status
people.com,app|auth
perplexity.ai,api|docs|status|console
personio.com,api|app|docs|developer|developers|status|auth|dashboard|platform|console
pewresearch.org,status|platform
pexels.com,api|status
php.net,status
piccoma.com,api|app
pika.art,api|app|platform
pikabu.ru,api|status|auth
pinecone.io,api|app|docs|status|auth
pinterest.com,api|app|developer|developers|status
pipedrive.com,api|app|docs|developer|developers|status|auth|dashboard|platform|console
pki.goog,api|app|docs|developer|developers|status|auth|dashboard|platform|console
plaid.com,docs|status|dashboard
planetscale.com,api|app|docs|auth
planoly.com,api
platorelay.com,api|auth
playfabapi.com,api|app|docs|developer|developers|status|auth|dashboard|platform|console
playrix.com,docs
playstation.com,status
playstation.net,docs|dashboard
playtime.ph,app
plesk.com,docs
plex.tv,api|app|docs|developer|status
plos.org,api
pluto.tv,api
podium.com,api|app|docs|developer|status|auth|platform
poki.com,api|developer|developers
polovniautomobili.com,api|app
polybuzz.ai,api|app
pornhat.com,api|app|docs|developer|developers|status|auth|dashboard|platform|console
pornhub.com,api
pornpics.com,api|app|docs|developer|developers|status|auth|dashboard|platform|console
portainer.io,api|docs
poshvine.com,api|status
posthog.com,app|docs|status
ppomppu.co.kr,api
presage.io,docs
primevideo.com,app
princeton.edu,api
prnewswire.com,api|app
productboard.com,api|app|docs|developer|developers|status|auth|dashboard|platform|console
programme-tv.net,api
prom.ua,api|app|developer|developers|status|auth|dashboard|platform|console
property24.com,api
protent.ai,console
prudential.com,app|developer|developers
psu.edu,api|developer
psychologytoday.com,docs
publi24.ro,api
publicnode.com,api|app|docs|developer|developers|status|auth|dashboard|platform|console
pubmatic.com,api|docs|developer|status
pulumi.com,api|app|docs|status
pusher.com,app|docs|status|dashboard
px-cloud.net,api|app|docs|developer|developers|status|auth|dashboard|platform|console
python.org,docs|status|console
qdrant.tech,api
qq.com,api|app|docs|developer|auth|platform
qualified.com,api|app|status
qualtrics.com,api|app|docs|developer|developers|status|auth|dashboard|platform|console
quickconnect.to,api|app|docs|developer|developers|status|auth|dashboard|platform|console
quizlet.com,api|app|docs|developer|developers|status|auth|dashboard|platform|console
quora.com,api|app|docs|developer|developers|status|auth|dashboard|platform|console
rackspace.com,api|app|docs|developer|developers|status|dashboard|platform
rackspace.net,platform
railway.app,api|app|docs|developer|developers|status|auth|dashboard|platform|console
railyatri.in,api
rakuten.co.jp,app
rakuten.com,api|developer|developers
rambler.ru,api|developer|developers|auth
ramp.com,api|app|docs|developer
rapid7.com,docs|status
ray.io,docs
rayjump.com,api|app
rbc.ru,app|auth
readthedocs.io,api|app|docs|developer|developers|status|auth|dashboard|platform|console
recaptcha.net,api|docs
reddit.com,api|app|docs|developer|developers|status|auth|dashboard|platform|console
redfin.com,api|docs
redhat.com,docs|developer|developers|status|auth|console
redis.com,docs|developer|developers|status|auth
redtube.com,api
reg.ru,api|docs|auth
remote.com,api|developer|status
remove.bg,api
render.com,api|docs|status|dashboard
replicate.com,api|docs|status
replit.com,docs|status
repubblica.it,api
researchgate.net,docs
resend.com,api|status
retool.com,api|app|docs|developer|developers|status|auth|dashboard|platform
reuters.com,app
rfihub.com,api|app|docs|developer|developers|status|auth|dashboard|platform|console
rhizomeai.com,docs
richaudience.com,platform|console
rightmove.co.uk,api
ring.com,api|app|status|dashboard
riotgames.com,developer|status|auth
rippling.com,api|app|developer|status
rlcdn.com,api
roblox.com,developer|status|auth
roboflow.com,api|app|docs|status
roku.com,api|docs|developer
rt.ru,api|status
rubiconproject.com,api|status|platform
rule34.xxx,api
ruliweb.com,api|app|docs|developer|developers|status|auth|dashboard|platform|console
run.app,api|app|docs|developer|developers|status|auth|dashboard|platform|console
runcanary.ai,api
runway.com,api|app|docs|status
russianfood.com,api|app|docs|developer|developers|status|auth|dashboard|platform|console
rustdesk.com,api
rustore.ru,api|console
rutube.ru,dashboard
ryanair.com,app
sage.com,docs|developer|developers|status
sagepub.com,api|console
sahibinden.com,api|app|docs|developer|developers|status|auth|dashboard|platform|console
salesforce.com,api|developer|developers|status
salesloft.com,api|app|docs|developer|developers|status
salonboard.com,api
samsung.com,api|developer|developers
samsungacr.com,api|status
samsungapps.com,api
samsungcloud.com,api|developer
samsungknox.com,api|docs|developer|status|console
samsungosp.com,api|auth
samsungqbe.com,auth
sanity.io,api|docs|status
sap.com,api|developer|developers|status
sapo.pt,api|app|docs|developer|developers|status|auth|dashboard|platform|console
savvis.net,api|developer
sbb.ch,developer|auth
sberbank.ru,app|developer|developers|auth
scale.com,api|docs|status|dashboard|console
sciencemag.org,api
sciloop.dev,app
scribd.com,api|auth
sectigo.com,docs|platform
secureserver.net,api|auth|dashboard
sedo.com,api|app|docs|developer|developers|status|auth|dashboard|platform|console
seedtag.com,docs
seg-social.pt,app
segment.com,app|docs|developer|status
segment.io,api
seldon.io,docs
selectel.ru,api|docs|developers|status
semrush.com,api|developer
sendgrid.com,api|app|docs|status
sendgrid.net,app|auth
sensic.net,api|app|docs|developer|developers|status|auth|dashboard|platform|console
sentinelone.com,status
sentinelone.net,api|docs|status
sentry.io,api|app|docs|developer|developers|status|auth|dashboard|platform|console
service-now.com,app|developer|developers|status|auth|platform|console
servicenow.com,api|app|docs|developer|developers
serviporno.com,api
sexlog.com,status
seznam.cz,developers
shalltry.com,api|app|console
share-dns.com,api|app|docs|developer|developers|status|auth|dashboard|platform|console
share.google,api|app|docs|developer|developers|status|auth|dashboard|platform|console
sharepoint.com,api|app
sharethrough.com,docs|developers|status
shein.com,app
shopee.co.id,api
shopee.com.br,api
shopify.com,api|app|docs|developer|developers|status|auth|dashboard|platform|console
shortcut.com,app|developer|status
shutterstock.com,api|app|docs|developer|developers|status|auth|dashboard|platform|console
si.edu,api|dashboard
siemens.com,api|docs|developer|developers|auth
signal.org,status
simpli.fi,app|docs|auth
sina.com.cn,api|app|platform
singular.net,api|app|developers|status
sitescout.com,api
skipthegames.com,api|app|docs|developer|developers|status|auth|dashboard|platform|console
skokka.com,api|app|docs|developer|developers|status|auth|dashboard|platform|console
skroutz.gr,api|docs|developer|status
sky.com,developer
skype.com,api
slack.com,api|app|docs|developer|developers|status|auth|dashboard|platform|console
slideshare.net,api|app|docs|developer|developers|status|auth|dashboard|platform|console
smaato.net,dashboard
smadex.com,docs
smartthings.com,api|developer|status|console
smilewanted.com,api|app
snapchat.com,api|app|docs|developer|developers|auth
snapkit.com,api
snaptik.app,api
snowflake.com,app|docs|developer|developers|status|auth
snyk.io,api|app|docs|status|dashboard
sofascore.com,api|app
sohu.com,app
sonarqube.org,docs
sophos.com,docs|developer|status
sotwe.com,api|auth
soundcloud.com,api|developer|developers|status|dashboard
sourceforge.net,api|app|docs|developer|developers|status|auth|dashboard|platform|console
spaggiari.eu,api
spamhaus.org,api|auth
spankbang.com,api|app|docs|developer|developers|status|auth|dashboard|platform|console
speedtest.net,api|app|docs|developer|developers|status|auth|dashboard|platform|console
split.io,api|app|docs|status|auth
splunk.com,api|docs|status
spoonflower.com,docs
sportradar.com,api|docs|developer|auth|console
spotify.com,api|docs|developer|developers
springer.com,status
sproutsocial.com,api|app|status
squarespace.com,api|app|docs|developer|developers|status|auth|dashboard|platform|console
ss.com,api|app|docs|developer|developers|status|auth|dashboard|platform|console
stability.ai,api|docs|status|auth|platform
stackadapt.com,api|docs|dashboard
stackblitz.com,api|app|docs|developer|developers|status|auth|dashboard|platform|console
stackexchange.com,api|app|docs|developer|developers|status|auth|dashboard|platform|console
stackoverflow.com,api
stanford.edu,api|app|docs|auth|dashboard
staples.com,api|app|developers
starlink.com,api
statcounter.com,api
statista.com,api
statsig.com,api|docs|status|console
statuspage.io,api|app|docs|developer|developers|status|auth|dashboard|platform|console
stbid.ru,api|app|docs|developer|developers|status|auth|dashboard|platform|console
steampowered.com,api|developer
streamlit.io,docs|auth
stripchat.com,api|app|docs|developer|developers|status|dashboard|platform|console
stripe.com,api|docs|status|auth|dashboard
stytch.com,api|docs|status|dashboard
substack.com,api|app|docs|developer|developers|status|auth|dashboard|platform|console
sun.com,docs|developer|developers
supabase.com,api|app|docs|status
superhosting.bg,api
superporn.com,api
surveymonkey.com,api|app|docs|developer|developers|status|auth|dashboard|platform|console
suumo.jp,api
svc.ms,api|app|docs|developer|developers|status|auth|dashboard|platform|console
syosetu.com,api|app|docs|developer|developers|status|auth|dashboard|platform|console
syosetu.org,api|app|docs|developer|developers|status|auth|dashboard|platform|console
t-bank-app.ru,api
t-mobile.com,api|docs|developer|developers
t.me,api|app|docs|developer|developers|status|auth|dashboard|platform|console
tabelog.com,api
tableau.com,api|developer|developers
tabletki.ua,api|app|docs
tabnine.com,api|app|docs|status|auth|console
taboola.com,api|docs|developers
tabor.ru,api|app|docs|developer|developers|status|auth|dashboard|platform|console
tagesspiegel.de,auth
tailscale.com,api|app|docs|status|console
taobao.com,api|app|docs|developer|developers|status|auth|dashboard|platform|console
tapad.com,docs|auth|platform
target.com,api|developer|developers
tawk.to,api|docs|developer|status|dashboard
tbank.ru,api|developer|status
teads.tv,api|docs|console
teamviewer.com,api|docs|status
tecton.ai,docs
ted.com,api|docs|auth
telecid.ru,api|app|docs|developer|developers|status|auth|dashboard|platform|console
telegra.ph,api|app|docs|developer|developers|status|auth|dashboard|platform|console
telegram.me,api|app|docs|developer|developers|status|auth|dashboard|platform|console
telegram.org,api|app|docs|developer|developers|status|auth|dashboard|platform|console
telegraph.co.uk,api|app
telekom.de,api|app|developer
temporal.io,docs|status
temu.com,api|app|docs
tencent-cloud.net,app
tencent.com,docs|developer|developers
tenki.jp,api|auth
tenor.com,api
terra.com.br,api|auth
terraform.io,app
tesla.com,developer|auth
testbook.com,api|status|dashboard
tgju.org,api|status|dashboard|platform
theatlantic.com,api|docs
theblowers.com,api|app|docs|developer|developers|status|auth|dashboard|platform|console
theguardian.com,developers|auth
themeisle.com,api|docs
theqoo.net,status
theverge.com,docs|status|platform
thisvid.com,api|app|docs|developer|developers|status|auth|dashboard|platform|console
threads.com,api
threema.ch,api|status
thscore.mobi,api|app|docs|developer|developers|status|auth|dashboard|platform|console
tiktok.com,api|developer|developers
tiktokpangle.us,platform
tiktokv.com,api
tiktokv.us,api
time.com,api|app|developers|status
timeweb.ru,api|console
tinkoff.ru,api|developer
tinybird.co,api|app|docs|developer|developers|status|auth|dashboard|platform|console
tinyurl.com,api
tjk.org,api|app|docs|developer|developers|status|auth|dashboard|platform|console
tjsp.jus.br,api
together.ai,api|docs|status|auth
tomtom.com,api|docs|developer|status|dashboard
toolhouse.ai,api|app|docs|developer|developers|status|auth|dashboard|platform|console
tooljet.com,app|docs|status
tplinkcloud.com,developer
tradingview.com,status|auth
tradplusad.com,api|docs|developer
trafficmanager.net,app|developer|status|auth|dashboard
trello.com,api|developers|status
tremorhub.com,api|console
trendmicro.com,docs|status
trendyol.com,api|app|developers|auth
trigger.dev,api|docs|status|auth
tripadvisor.com,api
tripod.com,api|app|docs|developer|developers|status|auth|dashboard|platform|console
trustarc.com,api|status|dashboard
truste.com,status
trustpilot.com,api|docs|developer|developers|status
trymaven.com,api|app|docs|developer|developers|status|auth|dashboard|platform|console
tubi.io,docs
tumblr.com,api|app|docs|developer|developers|status|auth|dashboard|platform|console
turbo.az,api|status
turkiye.gov.tr,api
turn.com,api|developer|console
turso.tech,api|app|docs|status
tvwiki4.net,api
twilio.com,api|app|docs|developer|developers|status|auth|dashboard|platform|console
twitch.tv,api|app|status|auth|dashboard
twitter.com,api|developer|developers|dashboard|platform
tycsports.com,api
typeform.com,api|app|docs|developer|developers|status|auth|dashboard|platform|console
typekit.com,api|status|platform
typepad.com,api|app|docs|developer|developers|status|auth|dashboard|platform|console
typing.com,api
uber.com,api|docs|developer|developers|auth
uberinternal.com,api|app|docs|developer|developers|status|auth|dashboard|platform|console
ubnt.com,docs|status
ubuntu.com,docs|developer
uchicago.edu,api
ucla.edu,api
ucsd.edu,api|docs|developer|status|auth|dashboard
udemy.com,api|app|docs|developer|developers|status|auth|dashboard|platform|console
ui.com,api|app|docs|developer|developers|status|auth|dashboard|platform|console
uidai.gov.in,docs|developer|dashboard
uk.com,api|app|docs|developer|developers|status|auth|platform|console
ultimate-guitar.com,api|app|docs|developer|developers|status|auth|dashboard|platform|console
ultradns.com,api|docs|status
umbrella.com,api|docs|status|dashboard
umich.edu,api|docs
umn.edu,docs
un.org,api|docs
unbounce.com,api|app|docs|developer|developers|status
unity3d.com,docs|dashboard
unkey.dev,app|docs
unpkg.com,app
unrulymedia.com,dashboard|console
unsplash.com,api|docs|status
uol.com.br,api|app
ups.com,api|app|developer
upstash.com,api|docs|developer|status|console
upwork.com,api|developer|developers|status|auth
us.com,api|developers|auth|platform|console
usatoday.com,api|app|docs|developer|developers|status|auth|dashboard|platform|console
usda.gov,platform
usemoda.ai,api|app|docs|developer|developers|status|auth|dashboard|platform|console
usemoss.dev,api|docs
usepolymorph.com,api|app|docs|developer|developers|status|auth|dashboard|platform|console
userapi.com,api|app|docs|developer|developers|status|auth|dashboard|platform|console
usercentrics.eu,api|app|developer
usercontent.goog,api|app|docs|developer|developers|status|auth|dashboard|platform|console
usnews.com,auth
usps.com,api|developer|developers
utorrent.com,developer
va.gov,api|developer
val.town,api|docs|status
venmo.com,api|app|docs|developer|developers|status|auth|dashboard|platform|console
vercel-dns-016.com,api|app|docs|developer|developers|status|auth|dashboard|platform|console
vercel.app,api|app|docs|developer|developers|status|auth|dashboard|platform|console
vercel.com,api|app|docs|developer|developers|status|auth|dashboard|platform|console
verisign.com,developer|status
verizon.com,api|developer|developers|auth|console
vg.no,api|docs
viber.com,api|developers
vice.com,api
videy.co,api
vidyard.com,api|app|developer|status|auth
vietnam.vn,api
vimeo.com,api|developer|developers|status
visualstudio.com,docs|developer|developers|status|auth|dashboard|platform|console
vivo.com,api|app|docs|developer|developers|status|auth|dashboard|platform|console
vivo.com.cn,developer|developers|platform
vivoglobal.com,api|app|docs|developer|developers|status|auth|dashboard|platform|console
vivox.com,docs
vk.com,api|app|docs|developer|developers|status|auth|dashboard|platform|console
vk.ru,api|app|docs|developer|developers|status|auth|dashboard|platform|console
vkontakte.ru,api|app|docs|developer|developers|status|auth|dashboard|platform|console
vkuserphoto.ru,api|app|docs|developer|developers|status|auth|dashboard|platform|console
vllm.ai,docs
vmware.com,api|docs|developer
vonage.com,api|app|developer|dashboard
vultr.com,api|docs|status|console
vungle.com,api|app|dashboard
vwo.com,app|developers|status
w3.org,api|status|auth
walmart.com,developer
wandb.ai,api|app|docs|auth
warnerbros.com,api|app|docs|developer|developers|status|auth|dashboard|platform|console
washingtonpost.com,api|developer
wattpad.com,api|app|docs|developer|developers|status|auth|dashboard|platform|console
wayground.com,status
waze.com,api|app|docs|developer|developers|status|auth|dashboard|platform|console
wb.ru,app|auth
wbx2.com,developer|status
weather.com,api|developer|auth|dashboard
weathernews.jp,api|app|auth
weaviate.io,docs|console
webempresa.eu,api|app|docs
webex.com,api|developer|developers|status|auth
webflow.com,api|app|docs|developer|developers|status|auth|dashboard|platform|console
weebly.com,api|app|docs|developer|developers|status|auth|dashboard|platform|console
weforum.org,api
weibo.com,api|app
wetter.com,api
whatnot.com,api|developers|status
whatsapp.com,api
whatsapp.net,api
who.int,platform
wikihow.com,api|app|docs|developer|developers|status|auth|dashboard|platform|console
wikimedia.org,api|docs|developer|developers|status|auth
wildberries.ru,status
wiley.com,api
windows.com,developer|developers
wired.com,app
wisc.edu,api|developer
wise.com,api|docs|status|platform
wistia.com,api|app|docs|developer|developers|status|auth|dashboard|platform|console
withgoogle.com,api|app|docs|developer|developers|status|auth|dashboard|platform|console
wix.com,api|app|docs|developer|developers|status|auth|platform|console
wixsite.com,api|app|docs|developer|developers|status|auth|dashboard|platform|console
wordpress.com,api|app|docs|developer|developers|status|auth|dashboard|platform|console
wordpress.org,api|app|docs|developer|developers|status|auth|dashboard|platform|console
wordwall.net,api|app|docs|developer|developers|status|auth|dashboard|platform|console
workday.com,api|docs|developer|status
worldbank.org,api
wowhead.com,api|app|docs|developer|developers|status|auth|dashboard|platform|console
wp.com,api|app|docs|developer|developers|status|auth|dashboard|platform|console
wp.pl,api|app|docs|developer|developers|status|auth|dashboard|platform|console
wpastra.com,developers
wpguardian.io,app|docs
wps.com,api|docs|console
writesonic.com,api|app|docs|status|auth
wsj.com,api
wyzecam.com,api|app
x.com,api|docs|developer|developers|platform|console
xbox.com,developer|auth
xboxlive.com,developer|auth
xero.com,api|developer|status
xfinity.com,developer|developers|dashboard
xhaccess.com,api|app|docs|developer|developers|status|auth|dashboard|platform|console
xham.live,api|app|docs|developer|developers|status|auth|dashboard|platform|console
xhamster.com,api|app|docs|developer|developers|status|auth|dashboard|platform|console
xhamster.desi,api|app|docs|developer|developers|status|auth|dashboard|platform|console
xhamster1.desi,api|app|docs|developer|developers|status|auth|dashboard|platform|console
xhamster19.com,api|app|docs|developer|developers|status|auth|dashboard|platform|console
xhamster2.com,api|app|docs|developer|developers|status|auth|dashboard|platform|console
xhamster44.desi,api|app|docs|developer|developers|status|auth|dashboard|platform|console
xhopen.com,api|app|docs|developer|developers|status|auth|dashboard|platform|console
xhoz.world,api|app|docs|developer|developers|status|auth|dashboard|platform|console
xhsimple.site,api|app|docs|developer|developers|status|auth|dashboard|platform|console
xhsocial.com,api|app|docs|developer|developers|status|auth|dashboard|platform|console
xhtotal.com,api|app|docs|developer|developers|status|auth|dashboard|platform|console
xiaohongshu.com,docs
xiaomi.com,app|developer
xing.com,api|app|docs|developer|developers|status|auth|dashboard|platform|console
xinhuanet.com,app
xnxx.com,api|app|docs|developer|developers|status|auth|dashboard|platform|console
xorgasmo.com,api|app|docs|developer|developers|status|auth|dashboard|platform|console
xoso.com.vn,api
xosodaiphat.com,api
xsmn.mobi,api
xvideos.com,api|app|docs|developer|developers|status|auth|dashboard|platform|console
xxxbp.tv,api
ya.ru,api|app|docs|developer|developers|status|auth|dashboard|platform|console
yahoo.co.jp,app|docs|developer
yahoo.com,docs|developer|developers
yale.edu,developer|developers|auth
yandex.com,api|app|docs|developers|status|auth|dashboard|platform|console
yandex.com.tr,api|app|docs|developer|developers|status|auth|dashboard|platform|console
yandex.kz,api|app|docs|developer|developers|status|auth|dashboard|platform|console
yandex.ru,api|docs|developers|status|auth|dashboard|platform|console
yellowblue.io,api
yelp.com,api|docs|developer|developers|status|auth|dashboard|platform|console
yieldmo.com,api|docs
yle.fi,api|developer|dashboard
ynet.co.il,dashboard
youjizz.com,api
youku.com,api|console
youronlinechoices.com,status
youtube.com,app
ys7.com,api|app|auth
zapier.com,api|docs|developer|status|platform
zdnet.com,platform
zearn.org,status
zedge.net,api|docs|auth
zendesk.com,api|app|docs|developer|developers|status|auth|dashboard|platform|console
zenefits.com,api|developers|console
zerotier.com,api|docs|status
zhihu.com,api|platform
zillow.com,api|auth
zoho.com,api|docs|developer|developers|status|auth|platform
zoom.com,api|app|docs|status
zoom.us,api|app|docs|developer|developers|status
zozo.jp,api
